<?xml version="1.0" encoding="UTF-8" standalone="yes"?>
<ns2:Proposal xmlns="http://www.salt.ac.za/PIPT/Shared/1.3" xmlns:ns2="http://www.salt.ac.za/PIPT/Proposal/Phase1/2.2" xmlns:ns3="http://www.salt.ac.za/PIPT/Proposal/Shared/1.9" xmlns:ns4="http://www.salt.ac.za/DataTransfer" xmlns:ns5="http://www.salt.ac.za/PIPT/Salticam/Phase1/1.4" xmlns:ns6="http://www.salt.ac.za/PIPT/Salticam/Phase2/1.8" xmlns:ns7="http://www.salt.ac.za/PIPT/RSS/Phase1/1.11" xmlns:ns8="http://www.salt.ac.za/PIPT/RSS/Phase2/2.0" xmlns:ns9="http://www.salt.ac.za/PIPT/RSS/Shared/1.11" xmlns:ns10="http://www.salt.ac.za/PIPT/BVIT/Phase1/1.0" xmlns:ns11="http://www.salt.ac.za/PIPT/BVIT/Phase2/1.5" xmlns:ns12="http://www.salt.ac.za/PIPT/HRS/Phase1/1.1" xmlns:ns13="http://www.salt.ac.za/PIPT/HRS/Phase2/1.3" PrincipalContact="jm8g08@soton.ac.uk" PrincipalInvestigator="jm8g08@soton.ac.uk" code="Unsubmitted-001">
    <ns2:Title>Spectroscopic Observations of Three Cataclysmic Variables at Varying Inclinations</ns2:Title>
    <ns2:Abstract>We have recently obtained results, using Monte Carlo radiative transfer techniques, which show that accretion disk winds can have a major effect on optical spectra of Cataclysmic variables (CVs).  CVs are systems in which a white dwarf accretes matter from a donor star via Roche-lobe overflow.  We propose spectroscopic observations of three `simple-disk' CVs which, in symbiosis with our detailed radiative transfer simulations, will enable us to gain a better understanding of CV optical spectra and the true nature of the accretion disk winds in such objects. These observations are extremely modest in time demands, and for that reason, coupled with the recent nature of our results we submit a Priority 4 proposal beyond the normal deadline in the hope that it will be considered as a good `filler' program which will not interfere with other science.</ns2:Abstract>
    <ns2:ScientificJustification>
        <ns3:Path>Included/ScientificJustification_1393426451033.pdf</ns3:Path>
    </ns2:ScientificJustification>
    <ns2:Year>2014</ns2:Year>
    <ns2:Semester>1</ns2:Semester>
    <ns2:Phase>1</ns2:Phase>
    <ns2:TimeCritical>false</ns2:TimeCritical>
    <ns2:Priority4Proposal>true</ns2:Priority4Proposal>
    <ns2:Partners>
        <ns3:Partner id="Partner-1">
            <ns3:Name>UK SALT Consortium</ns3:Name>
            <ns3:TimeDistribution>
                <ns3:Year>2014</ns3:Year>
                <ns3:Semester>1</ns3:Semester>
                <ns3:Value>100</ns3:Value>
                <ns3:Units>%</ns3:Units>
            </ns3:TimeDistribution>
        </ns3:Partner>
    </ns2:Partners>
    <ns2:Investigators>
        <ns3:Investigator id="Investigator-1">
            <ns3:Name>James</ns3:Name>
            <ns3:Surname>Matthews</ns3:Surname>
            <ns3:Partner ref="Partner-1"/>
            <ns3:Institute>
                <ns3:Name>Southampton University</ns3:Name>
            </ns3:Institute>
            <ns3:Email>jm8g08@soton.ac.uk</ns3:Email>
            <ns3:Phone>+447933139071</ns3:Phone>
        </ns3:Investigator>
        <ns3:Investigator id="Investigator-2">
            <ns3:Name>Christian</ns3:Name>
            <ns3:Surname>Knigge</ns3:Surname>
            <ns3:Partner ref="Partner-1"/>
            <ns3:Institute>
                <ns3:Name>Southampton University</ns3:Name>
            </ns3:Institute>
            <ns3:Email>C.Knigge@soton.ac.uk</ns3:Email>
        </ns3:Investigator>
    </ns2:Investigators>
    <ns2:Targets>
        <ns3:Target id="Target-1">
            <ns3:Name>IX Vel</ns3:Name>
            <ns3:TargetType>Nova</ns3:TargetType>
            <ns3:Coordinates>
                <RightAscension>
                    <Hours>8</Hours>
                    <Minutes>15</Minutes>
                    <Seconds>18.970497600000726</Seconds>
                </RightAscension>
                <Declination>
                    <Sign>-</Sign>
                    <Degrees>49</Degrees>
                    <Arcminutes>13</Arcminutes>
                    <Arcseconds>20.667683999989748</Arcseconds>
                </Declination>
                <ProperMotionAndEpoch>
                    <RightAscensionDot>
                        <Value>-0.02709</Value>
                        <Units>arcseconds/year</Units>
                    </RightAscensionDot>
                    <DeclinationDot>
                        <Value>-0.09506999999999999</Value>
                        <Units>arcseconds/year</Units>
                    </DeclinationDot>
                    <Epoch>2000-01-01T00:00:00.197Z</Epoch>
                </ProperMotionAndEpoch>
                <Equinox>2000.0</Equinox>
            </ns3:Coordinates>
            <ns3:MagnitudeRange>
                <ns3:Bandpass>V</ns3:Bandpass>
                <ns3:Minimum>9.0</ns3:Minimum>
                <ns3:Maximum>10.5</ns3:Maximum>
            </ns3:MagnitudeRange>
            <ns3:Mandatory>true</ns3:Mandatory>
        </ns3:Target>
        <ns3:Target id="Target-2">
            <ns3:Name>RW Sex</ns3:Name>
            <ns3:TargetType>Nova</ns3:TargetType>
            <ns3:Coordinates>
                <RightAscension>
                    <Hours>10</Hours>
                    <Minutes>19</Minutes>
                    <Seconds>56.62309439999717</Seconds>
                </RightAscension>
                <Declination>
                    <Sign>-</Sign>
                    <Degrees>8</Degrees>
                    <Arcminutes>41</Arcminutes>
                    <Arcseconds>56.086727999997606</Arcseconds>
                </Declination>
                <ProperMotionAndEpoch>
                    <RightAscensionDot>
                        <Value>-0.01824</Value>
                        <Units>arcseconds/year</Units>
                    </RightAscensionDot>
                    <DeclinationDot>
                        <Value>-0.014240000000000001</Value>
                        <Units>arcseconds/year</Units>
                    </DeclinationDot>
                    <Epoch>2000-01-01T00:00:00.000Z</Epoch>
                </ProperMotionAndEpoch>
                <Equinox>2000.0</Equinox>
            </ns3:Coordinates>
            <ns3:MagnitudeRange>
                <ns3:Bandpass>V</ns3:Bandpass>
                <ns3:Minimum>9.9</ns3:Minimum>
                <ns3:Maximum>12.1</ns3:Maximum>
            </ns3:MagnitudeRange>
            <ns3:Mandatory>true</ns3:Mandatory>
        </ns3:Target>
        <ns3:Target id="Target-4">
            <ns3:Name>UU Aqr</ns3:Name>
            <ns3:TargetType>Nova-like</ns3:TargetType>
            <ns3:Coordinates>
                <RightAscension>
                    <Hours>22</Hours>
                    <Minutes>9</Minutes>
                    <Seconds>5.760000000000218</Seconds>
                </RightAscension>
                <Declination>
                    <Sign>-</Sign>
                    <Degrees>3</Degrees>
                    <Arcminutes>46</Arcminutes>
                    <Arcseconds>17.699987999999458</Arcseconds>
                </Declination>
                <Equinox>2000.0</Equinox>
            </ns3:Coordinates>
            <ns3:MagnitudeRange>
                <ns3:Bandpass>V</ns3:Bandpass>
                <ns3:Minimum>13.3</ns3:Minimum>
                <ns3:Maximum>15.5</ns3:Maximum>
            </ns3:MagnitudeRange>
            <ns3:Mandatory>true</ns3:Mandatory>
        </ns3:Target>
        <ns3:NumberOfOptionalTargets>0</ns3:NumberOfOptionalTargets>
    </ns2:Targets>
    <ns2:Observations>
        <ns2:ObservingConditions>
            <ns2:Transparency>Any</ns2:Transparency>
            <ns2:MaximumSeeing>
                <ns3:Value>5.0</ns3:Value>
                <ns3:Units>arcseconds</ns3:Units>
            </ns2:MaximumSeeing>
            <ns2:Description>No constraints.</ns2:Description>
        </ns2:ObservingConditions>
        <ns2:Observation>
            <ns2:Target ref="Target-1"/>
            <ns2:TargetObservingTime>
                <ns2:Value>704</ns2:Value>
                <ns2:Units>seconds</ns2:Units>
            </ns2:TargetObservingTime>
            <ns2:Moon>Any</ns2:Moon>
            <ns2:Ranking>High</ns2:Ranking>
        </ns2:Observation>
        <ns2:Observation>
            <ns2:Target ref="Target-2"/>
            <ns2:TargetObservingTime>
                <ns2:Value>704</ns2:Value>
                <ns2:Units>seconds</ns2:Units>
            </ns2:TargetObservingTime>
            <ns2:Moon>Any</ns2:Moon>
            <ns2:Ranking>High</ns2:Ranking>
        </ns2:Observation>
        <ns2:Observation>
            <ns2:Target ref="Target-4"/>
            <ns2:TargetObservingTime>
                <ns2:Value>725</ns2:Value>
                <ns2:Units>seconds</ns2:Units>
            </ns2:TargetObservingTime>
            <ns2:Moon>Any</ns2:Moon>
            <ns2:Ranking>High</ns2:Ranking>
        </ns2:Observation>
    </ns2:Observations>
    <ns2:InstrumentConfigurations>
        <ns2:InstrumentConfiguration>
            <ns7:Rss id="Rss-1">
                <ns7:Name>Spectroscopic Configurations</ns7:Name>
                <ns7:SlitMask>
                    <ns7:PredefinedMask>
                        <ns7:MaskType>Longslit</ns7:MaskType>
                    </ns7:PredefinedMask>
                </ns7:SlitMask>
                <ns7:Mode>
                    <ns7:Spectroscopy>
                        <ns7:Grating>pg2300</ns7:Grating>
                    </ns7:Spectroscopy>
                </ns7:Mode>
                <ns7:DetMode>Normal</ns7:DetMode>
            </ns7:Rss>
            <ns2:InstrumentSimulation>
                <ns3:Name>UU Aqr Blue</ns3:Name>
                <ns3:Path>Included/InstrumentSimulation_1393520690840.rsim</ns3:Path>
                <ns3:Comments>Blue end of UU Aqr spectrum.</ns3:Comments>
            </ns2:InstrumentSimulation>
            <ns2:InstrumentSimulation>
                <ns3:Name>UU Aqr Mid-Blue</ns3:Name>
                <ns3:Path>Included/InstrumentSimulation_1393520694171.rsim</ns3:Path>
                <ns3:Comments>Mid-blue end of UU Aqr spectrum.</ns3:Comments>
            </ns2:InstrumentSimulation>
            <ns2:InstrumentSimulation>
                <ns3:Name>UU Aqr Mid-Red</ns3:Name>
                <ns3:Path>Included/InstrumentSimulation_1393520697663.rsim</ns3:Path>
                <ns3:Comments>Mid-red end of UU Aqr spectrum.</ns3:Comments>
            </ns2:InstrumentSimulation>
            <ns2:InstrumentSimulation>
                <ns3:Name>UU Aqr Red</ns3:Name>
                <ns3:Path>Included/InstrumentSimulation_1393520701620.rsim</ns3:Path>
                <ns3:Comments>Red end of UU Aqr spectrum.</ns3:Comments>
            </ns2:InstrumentSimulation>
            <ns2:InstrumentSimulation>
                <ns3:Name>IX Vel Blue</ns3:Name>
                <ns3:Path>Included/InstrumentSimulation_1393520722615.rsim</ns3:Path>
                <ns3:Comments>Blue end of IX Vel spectrum.</ns3:Comments>
            </ns2:InstrumentSimulation>
            <ns2:InstrumentSimulation>
                <ns3:Name>IX Vel Mid-Blue</ns3:Name>
                <ns3:Path>Included/InstrumentSimulation_1393520742195.rsim</ns3:Path>
                <ns3:Comments>Mid-Blue end of IX Vel spectrum.</ns3:Comments>
            </ns2:InstrumentSimulation>
            <ns2:InstrumentSimulation>
                <ns3:Name>IX Vel Mid-Red</ns3:Name>
                <ns3:Path>Included/InstrumentSimulation_1393520754460.rsim</ns3:Path>
                <ns3:Comments>Mid-Red end of IX Vel spectrum.</ns3:Comments>
            </ns2:InstrumentSimulation>
            <ns2:InstrumentSimulation>
                <ns3:Name>IX Vel Red</ns3:Name>
                <ns3:Path>Included/InstrumentSimulation_1393520774533.rsim</ns3:Path>
                <ns3:Comments>Red end of IX Vel spectrum.</ns3:Comments>
            </ns2:InstrumentSimulation>
            <ns2:InstrumentSimulation>
                <ns3:Name>RW Sex Blue</ns3:Name>
                <ns3:Path>Included/InstrumentSimulation_1393520798748.rsim</ns3:Path>
                <ns3:Comments>Blue end of RW Sex spectrum.</ns3:Comments>
            </ns2:InstrumentSimulation>
            <ns2:InstrumentSimulation>
                <ns3:Name>RW Sex Mid-Blue</ns3:Name>
                <ns3:Path>Included/InstrumentSimulation_1393520816849.rsim</ns3:Path>
                <ns3:Comments>Mid-Blue end of RW Sex spectrum.</ns3:Comments>
            </ns2:InstrumentSimulation>
            <ns2:InstrumentSimulation>
                <ns3:Name>RW Sex Mid-Red</ns3:Name>
                <ns3:Path>Included/InstrumentSimulation_1393520830186.rsim</ns3:Path>
                <ns3:Comments>Mid-Red end of RW Sex spectrum.</ns3:Comments>
            </ns2:InstrumentSimulation>
            <ns2:InstrumentSimulation>
                <ns3:Name>RW Sex Red</ns3:Name>
                <ns3:Path>Included/InstrumentSimulation_1393520847042.rsim</ns3:Path>
                <ns3:Comments>Red end of RW Sex spectrum.</ns3:Comments>
            </ns2:InstrumentSimulation>
        </ns2:InstrumentConfiguration>
    </ns2:InstrumentConfigurations>
    <ns2:TimeRequest>
        <ns2:Year>2014</ns2:Year>
        <ns2:Semester>1</ns2:Semester>
        <ns2:TotalRequestedTime>
            <ns2:BrightTime>
                <Value>0.0</Value>
                <Units>seconds</Units>
            </ns2:BrightTime>
            <ns2:GrayTime>
                <Value>0.0</Value>
                <Units>seconds</Units>
            </ns2:GrayTime>
            <ns2:DarkTime>
                <Value>2133.0</Value>
                <Units>seconds</Units>
            </ns2:DarkTime>
            <ns2:AnyTime>
                <Value>2133.0</Value>
                <Units>seconds</Units>
            </ns2:AnyTime>
        </ns2:TotalRequestedTime>
        <ns2:MinimumUsefulTime>
            <Value>2133.0</Value>
            <Units>seconds</Units>
        </ns2:MinimumUsefulTime>
    </ns2:TimeRequest>
    <ns2:ExternalFunding>
        <ns3:SourceOfFunding>STFC</ns3:SourceOfFunding>
    </ns2:ExternalFunding>
    <ns2:Outreach>
        <ns3:Summary>Cataclysmic variables are accreting binary systems- where a white dwarf star sucks in matter from a donor star via a disk. 
The radiation from this hot disk can cause some material to be blown off in a `wind'.  These observations will help us understand the nature of these winds by looking at three different systems which are each tilted differently with respect to Earth.</ns3:Summary>
        <ns3:AllowDisplaying>true</ns3:AllowDisplaying>
    </ns2:Outreach>
</ns2:Proposal>
